{"cameraMode":{"drawMode":0,"name":"Shaded","section":"Shading Mode"},"sceneLighting":true,"audioPlay":false,"sceneViewState":{"showFog":true,"showMaterialUpdate":false,"showSkybox":true,"showFlares":true,"showImageEffects":true,"showParticleSystems":true},"in2DMode":false,"pivot":{"x":429.93902587890627,"y":9.12485408782959,"z":351.27301025390627},"rotation":{"x":0.09471458941698075,"y":-0.24236838519573213,"z":0.023781277239322664,"w":0.9652611613273621},"size":10.0,"orthographic":false}